quote_id,source_type,rating,severity_score,category_primary,categories,text,failure_description,remembered_summary,forgotten_summary,keywords_tried,source_url,date
d8481144-f5a2-4db4-a5a9-1b8fa2539754,app_store,4,7.5,people_event,people_event,"I love this app I think it’s so good love the layout and the reminders at the top of the last year however, Google photos can’t group people faces 
One person can be 5 different people 
I wish it was like iPhone where you can review people to say if that is “name” face",Face clustering and person recognition fails by splitting the same individual across multiple identity groups without intuitive review or merging tools.,people: specific person appearing across multiple face clusters | temporal_cues: last year | visual_cues: people faces,,,https://apps.apple.com/gb/app/google-photos/id962194608,2024-08-29T14:28:47-07:00
4a64fd6a-9c90-41eb-9a2b-712b72e43b8e,google_play,3,15.0,people_event,people_event,"some time ago face detection became really horrid - from a great and useful feature it started grouping all babies or all bold men to one person... and if you try to remove them, there's always an error that shows up :(","Face clustering fails to differentiate individual identities, incorrectly grouping distinct individuals like babies or bald men into single person clusters.","people: babies, bald men | emotions: frustrated | temporal_cues: some time ago | visual_cues: babies, bald men","exact date, exact location, file name",,https://play.google.com/store/apps/details?id=com.google.android.apps.photos&reviewId=d2b35a60-2fa9-4a14-b2cf-910e51252800,2026-09-18T16:07:17
0d8dd54a-8a29-486a-813c-9bd45fff1f37,google_play,1,42.0,emergent,emergent,"sharing photos to Gemini or Signal or other app doesn't work - literally nothing happens. Search is useless - it doesn't come up with anything on first attempt, sometimes never","Search fails to return any results on initial attempts or indefinitely, pointing to indexing latency or technical search outage rather than a specific cognitive query mismatch.",emotions: frustrated,,,https://play.google.com/store/apps/details?id=com.google.android.apps.photos&reviewId=55124187-bbcd-4c32-b8ed-2be7922282e1,2026-09-18T05:46:04
a905b075-f02d-4012-be4d-0d1c208128c3,google_play,2,22.5,emergent,emergent,I can't seem to find all my photos,User is experiencing a general library indexing or sync failure where large portions of their photo collection cannot be found.,,"exact date, exact location, file name",,https://play.google.com/store/apps/details?id=com.google.android.apps.photos&reviewId=5e99cf4d-a297-47ea-883c-33821b0c148a,2026-09-17T19:46:19
f9e1e9ce-26e3-4904-89c3-1113d0150a37,google_play,1,56.6,emergent,emergent,The latest update is horrible. Photos used to have the most amazing AI search. The search in this version is HORRIBLE. You keep becoming more like Apple and iPhone every day,User reports a general regression in AI search quality and capability following a recent app update without providing specific query details.,,,,https://play.google.com/store/apps/details?id=com.google.android.apps.photos&reviewId=c5a0669e-3256-4824-ad70-5e1e1324b8e3,2026-09-17T19:36:53
c1ac6410-75a5-46c0-a82f-38a28bbb7d35,google_play,4,20.4,emergent,emergent,KINDLY TAKE OFF : SAVE COPY. It's cluttering and placing pics in the beginning. I need easy organization to be able to go back to finding and making videos. Thank you,User struggles to organize and find media because edited 'Save copy' versions clutter and disrupt the timeline sorting.,"emotions: frustrated, overwhelmed | temporal_cues: in the beginning | event_context: making videos | object_cues: saved copy photos, videos","exact date, exact location, album, file name",,https://play.google.com/store/apps/details?id=com.google.android.apps.photos&reviewId=96a1fc11-12b6-4f59-b7d3-eefde5aaf496,2026-09-17T19:16:50
7cc4137b-5f65-4d34-9d72-ff5b419d9c5e,google_play,1,30.0,emergent,emergent,"Google Photos is one of the most poorly designed apps that I've ever used. The search feature is very inaccurate, and you'll get a migraine before you locate what you're looking for through visual inspection.","The user experiences general search inaccuracy, forcing tedious manual visual inspection across their library without specific query feature support mentioned.",emotions: frustrated,"exact date, exact location, album, keywords to search, file name",,https://play.google.com/store/apps/details?id=com.google.android.apps.photos&reviewId=f7a2f0a5-1e85-4f5b-97e2-e8841c0658b0,2026-09-17T14:26:31
09844817-9936-49d7-9c25-1c0c9b0b837f,google_play,1,30.0,emergent,emergent,"This was the gold standard for the better part of a decade but as with all things Google it's been getting worse and worse the last few years, especially as they try to shoehorn more AI into it. Search is somehow worse now, and I don't like that my Google drive just got upgraded to an AI plan without my consent. I'm currently backing everything up to migrate to something else so I can cancel my Google drive subscription.",User reports general search quality degradation and dissatisfaction following recent AI integration without specifying a particular query modality.,"emotions: frustrated, dissatisfied",,,https://play.google.com/store/apps/details?id=com.google.android.apps.photos&reviewId=16356980-6461-481d-a9b8-580ec9d4fad9,2026-09-17T09:59:25
99d93aed-fb31-42e9-8363-ff1a6f383400,google_play,1,30.0,emergent,emergent,"not tagging photos in folders which are not the camera folder e.g my pictures from WhatsApp. Great automatic uploading for cloud backup of photos.love the automatic videos, gifs and photo effects.","The system fails to automatically tag and index photos originating from non-camera folders such as WhatsApp, excluding them from search and recognition features.","object_cues: pictures from WhatsApp, photos in non-camera folders",,,https://play.google.com/store/apps/details?id=com.google.android.apps.photos&reviewId=535fded2-ae51-4558-8481-6fd19f7125f4,2026-09-17T01:35:22
dddfa2e3-39ce-4074-90a3-61ace3d9ccb7,google_play,1,42.0,emergent,emergent,See all the reasons above and below my review. Pictures are hidden in folders and hard to locate. Limited storage sucks and you get 1 star for that. Don't expect much. the ai now catalogs all your pictures so there's that.,User experiences difficulty finding photos due to complex folder organization and lack of intuitive navigation.,,"exact date, exact location, album, file name",,https://play.google.com/store/apps/details?id=com.google.android.apps.photos&reviewId=b0b41afd-959c-4ce5-b97b-ec20bf987318,2026-09-16T05:05:39
8d7f9bce-b71c-4120-b6e3-e286bfbf04db,google_play,4,7.5,people_event,people_event,"How did I just discover Google Photos now 🙃 but I do have some complaints 1: alot of photos/videos are misfiled cuz you can't modify who is tagged in it. You should be able to manually box and tag. Especially with side view faces that aren't recognized 2: For more private photos/videos there should be a private folder. 3: when im assigning a face to a name i already have, it won't let me select the name rather or gives me an error message",User cannot find or organize photos by person due to unrecognized side-profile faces and inability to manually tag or merge face clusters.,"people: people with side view faces, known contacts/names | visual_cues: side view faces",,,https://play.google.com/store/apps/details?id=com.google.android.apps.photos&reviewId=d874566f-b1d1-4ea6-b0f6-4db4b36fd46c,2026-09-16T03:38:34
8f052d77-6d58-4909-a909-06e9cc400941,google_play,1,62.0,object_in_scene,object_in_scene; people_event,"Pixel 10. Forced Updates. TEXT/SUBJECT search is FAIL. ""Car Engine"" - have 100s of repair photos But Only 15 Show? Often AI says ""none""or wonky/useless ""results"" includes ALOT (100s +) irrelevant results. Edited Image cannot be reedited, reverts to original photo😖 Organization is dreadfull. Cannot Sort FOLDERS or PEOPLE by Name, result is a jumbled mess . Many important faces NOT FOUND so edit & Create PEOPLE w/name & App still not autoadded But Fuzzy Background Nobody faces are 🤯",Search fails to reliably return photos of specific objects like 'car engine' from repair documentation and suffers from face detection and grouping failures for key individuals.,"people: important faces | event_context: car repair | object_cues: car engine, repair photos","exact date, exact location, album, file name",Car Engine,https://play.google.com/store/apps/details?id=com.google.android.apps.photos&reviewId=72dcb862-c595-4edf-a0a9-0ba0b9d4519e,2026-09-16T02:53:16
f6f1bc3c-5d6f-4682-86d7-125acecf6bb0,google_play,2,22.5,emergent,emergent,The image search feature has actually gotten worse.,The user reports a perceived overall degradation of the image search feature without specifying the retrieval context or query details.,,,,https://play.google.com/store/apps/details?id=com.google.android.apps.photos&reviewId=d8a6e523-2eb2-499f-ba0a-b242a82b38a5,2026-09-16T00:31:52
48d2b904-af4c-41e7-893b-ef947c970196,google_play,1,30.0,people_event,people_event; emergent,face detection automatically reset i cannot see a familar face. App is telling me to set new face. please fix this glitch,"Face detection and grouping metadata was reset, preventing the user from retrieving photos of recognized individuals.",people: familiar face | visual_cues: faces,"exact date, exact location, file name",,https://play.google.com/store/apps/details?id=com.google.android.apps.photos&reviewId=6cd8a38c-946a-464d-ae9d-5ec8e2a867a7,2026-09-15T20:17:21
aa7e98cc-a64b-47f6-bfc8-d46656804d63,google_play,1,30.0,emergent,emergent,"2026 Edit: The search feature has turned to trash. Stop making your apps worse. Google Photos, Google Maps—both were way better, now I'm leaving for competitors.…………………………………….….……… 2023 Edit: Latest update ruined the editing options.",User expresses broad dissatisfaction with general search degradation without specifying particular recall cues or failure modes.,,,,https://play.google.com/store/apps/details?id=com.google.android.apps.photos&reviewId=8814cf63-90ac-4912-a273-0897a7bbad64,2026-09-15T08:02:15
0e02da8f-f3fd-4c7f-93d5-c69fe5e0cd77,google_play,1,30.0,emergent,emergent,Search is absolutely worthless.,"The user reports a total failure of the search feature without providing specific context, details, or query examples.",,,,https://play.google.com/store/apps/details?id=com.google.android.apps.photos&reviewId=0b000e1a-be3b-4acf-a364-5575d70901ab,2026-09-15T07:48:57
ffd5da30-3eff-4181-8068-639659bdd3a5,google_play,1,30.0,people_event,people_event,I can't label my face or search for it,"The user is unable to label or search for their own face, preventing person-based retrieval.",people: self | visual_cues: face,"exact date, exact location, album, file name",,https://play.google.com/store/apps/details?id=com.google.android.apps.photos&reviewId=6aa5e76b-d4d7-4db2-a1dc-e59af306fb8d,2026-09-15T01:36:34
ce4f5a45-c85a-4fed-8de2-b50116232a40,google_play,3,15.0,people_event,people_event; emergent,would give it a 5 but I can't add photos to the faces folders. There are issues that I've read other users experiencing with like twins and similar looking pets. Adding a feature that lets users add images to specific people would benefit them a lot.,"The system fails to accurately cluster or allow manual tagging for face groups, particularly for twins and similar-looking pets.","people: twins, specific people | visual_cues: similar looking pets, identical appearance | object_cues: pets","exact date, exact location, file name",,https://play.google.com/store/apps/details?id=com.google.android.apps.photos&reviewId=7943b1f8-2a4e-4a2a-b180-3b37ac1e6fe6,2026-09-13T14:56:01
efbe6785-2059-4336-9ca0-8e606d9e8248,google_play,3,51.0,emergent,emergent,"Another Google app that's becoming more and more infuriatingly unusable by the day. I love the Gemini app itself and I pay an additional fee for it, but when integrated into other Google Apps such as photos it just plain sucks. 😢 in particular search functions now terrible I can't find any photos of looking for and most of the time the deletion and creation of new photos are impossible to sync up between my iPad and my Google pixel phone. integrating Gemini into so many apps so fast seems to",The user experiences general search degradation and cross-device sync failures following the integration of Gemini AI search capabilities.,,,,https://play.google.com/store/apps/details?id=com.google.android.apps.photos&reviewId=a063c498-e373-40ef-8576-598daab29f0d,2026-09-13T12:15:45
5255ec66-94d6-4bc2-9022-569368b4dac0,google_play,1,30.0,people_event,people_event,even after backed up photos there are no chance to found same face person after search the name of person🥴😑,The system fails to identify or retrieve photos of a specific person when searched by name despite photos being backed up.,"people: specific person | emotions: frustrated, annoyed | visual_cues: person's face","exact date, exact location, album, file name",name of person,https://play.google.com/store/apps/details?id=com.google.android.apps.photos&reviewId=62c67eee-bad9-4a88-908f-599807bdfceb,2026-09-12T11:47:47
e697825b-e096-4989-804f-183723caee8f,google_play,1,30.0,emergent,emergent,Search function doesn't work without back up. I want to use the functions of my phone not some cloud service.,User is unable to search local device photos because the search capability strictly requires cloud backup enabled.,,,,https://play.google.com/store/apps/details?id=com.google.android.apps.photos&reviewId=ae8c1c4f-0c85-46c0-bfc2-270d1102cd58,2026-09-12T10:26:14
d39e79d1-bfaa-4a91-88cb-313ac6c5193c,google_play,3,15.0,emergent,emergent,"wht cant you sort the the album like type of file, date, name wise. Appreciate if it is possible","User is unable to organize or retrieve photos within albums using basic metadata sorting criteria such as file type, date, or file name.",,"exact date, exact location",,https://play.google.com/store/apps/details?id=com.google.android.apps.photos&reviewId=020c09be-5915-47ca-9fa7-221ce2f75800,2026-09-12T09:16:36
8395cd2a-1c04-4287-853c-83428c8fc181,google_play,1,54.0,emergent,emergent,"Hate the update, no longer able to search without using Gemini, which I also hate. Have disabled Gemini, because I couldn't search anything, without it popping up several times, even though I had already said no, and closed it. *Editing to add, since there's no way to reply to your reply. Ask photos also requires Gemini, so that doesn't help at all. Thanks for nothing 👍🏻",User cannot perform basic photo searches because search functionality is gated behind the mandatory Gemini / Ask Photos AI integration.,,,,https://play.google.com/store/apps/details?id=com.google.android.apps.photos&reviewId=56b98d58-f989-4991-bfeb-3e25738a4b89,2026-09-11T20:47:43
03ca334a-a0b8-4338-b9d7-b646bd169664,google_play,1,34.0,emergent,emergent,The only reason I was using Photos is because of the image search. Now if I don't continue with Gemini I don't get to have a decade old feature? The search results are worse than how it was on my OG Pixel!,The user experiences general search quality degradation and feature gating behind Gemini rather than a specific cognitive query failure.,,,,https://play.google.com/store/apps/details?id=com.google.android.apps.photos&reviewId=af95884a-ef09-48f4-9ef7-9de4efbf7568,2026-09-11T19:30:02
ef4c2bd4-a812-4b03-ad94-f89260b42098,google_play,3,15.0,people_event,people_event,"the face recognition feature was not turned off, it's still not grouping","The face recognition feature fails to cluster or group detected faces, preventing retrieval of photos organized by individual people.",emotions: frustrated | visual_cues: faces,,,https://play.google.com/store/apps/details?id=com.google.android.apps.photos&reviewId=45044e0f-21c7-4638-8b47-e02b16886015,2026-09-11T12:33:55
c7d57afb-2c8a-4cab-bd15-5b7a410675a5,google_play,1,32.9,temporal_approximation,temporal_approximation,"I just want to see my pics by day, date. I can't even understand what is going on when I try to look at my photos. Please FIX",User is unable to navigate or view photos chronologically by specific day and date due to confusing timeline organization.,"emotions: frustrated, confused | temporal_cues: day, date","exact date, exact location, file name",,https://play.google.com/store/apps/details?id=com.google.android.apps.photos&reviewId=c051d062-8e4e-424a-9c49-d4223d592ddf,2026-09-11T10:35:18
6bfea63c-1f85-42c6-bbbf-93b4271f7e71,google_play,1,30.0,emergent,emergent,Incredibly stupid how it can't find photos from my gallery,The user is unable to retrieve photos stored locally on their device gallery due to an indexing or basic search failure.,emotions: frustrated | object_cues: photos from gallery,"exact date, exact location, album, keywords to search, file name",,https://play.google.com/store/apps/details?id=com.google.android.apps.photos&reviewId=59acf2e3-6a05-4956-a30a-5f29d22a9222,2026-09-11T06:56:21
a4a2f102-0103-43be-9a39-2a1ba0f20742,google_play,3,15.0,emergent,emergent,Difficult to find images,User experiences general difficulty locating photos without specifying the search criteria or memory cues used.,,"exact date, exact location, keywords to search, file name",,https://play.google.com/store/apps/details?id=com.google.android.apps.photos&reviewId=a0dea5a1-8ef6-4c3f-a0f7-8db7a8285c5c,2026-09-10T21:34:04
3ea6dea7-e11e-4a78-b3db-cbf266109257,google_play,1,54.0,emergent,emergent,"terrible, totally user unfriendly and useless. l can't find what l need, it keeps pictures l don't want anymore, can't even disable it's permissions.",User experiences general retrieval failure and frustration finding desired photos due to clutter from unwanted images and library management issues.,emotions: frustrated,"exact date, exact location, album, keywords to search, file name",,https://play.google.com/store/apps/details?id=com.google.android.apps.photos&reviewId=54c9ce9a-14d3-4bb2-81d0-cbf572a7d0af,2026-09-10T21:00:18
f8333b78-d43e-4659-8a3e-bb8143971915,google_play,3,15.0,people_event,people_event; visual_detail; object_in_scene; document_screenshot,"I can no longer search my photos for people, colors, objects or words (etc). trying to ask Gemini doesn't work and just sends me back to the search page which always yeilds no results.","User experiences a complete search and Gemini assistant failure when attempting to query by people, visual colors, objects, or in-image text.","people: people | visual_cues: colors | object_cues: objects, words","exact date, exact location, file name",,https://play.google.com/store/apps/details?id=com.google.android.apps.photos&reviewId=b54b49c3-d528-44fb-81a9-ebc909f928af,2026-09-10T19:01:48
7e38254a-1d56-4378-8c95-654e5ff234bd,google_play,1,30.0,emergent,emergent,"AI on this is the dumbest, sorry. I need an option to search for photos without the use of Artificial Insanity please.","User is frustrated with AI-driven semantic search and requests an option to perform manual, non-algorithmic photo searches.",,,,https://play.google.com/store/apps/details?id=com.google.android.apps.photos&reviewId=2db000c9-ad09-45f0-a5bd-4e99dfcc3130,2026-09-10T13:23:25
de76e1c3-2e06-42eb-b11d-58eefc2367f1,google_play,1,85.6,emergent,emergent,"I can't find any of my photos that they took off of my gallery. I hate Google photos. this app takes my well organized photos off of my phone and organizes them in a way that I can't find anything. I don't want their storage. I am afraid to uninstall cus it may delete all of my photos. if I do get them back i will never be able to organize them the way I had them. oh! this makes me so mad. wish i could take googles photos, and scramble them up. HEY GOOGLE! Give me my photos back!",The user is unable to retrieve photos because the app disrupts and reorganizes their local folder and album directory structure.,"emotions: mad, frustrated, afraid, hateful","exact date, exact location, keywords to search, file name",,https://play.google.com/store/apps/details?id=com.google.android.apps.photos&reviewId=03ba0f04-e8ec-42f6-b8c4-b7ad4f484023,2026-09-10T01:08:07
22265191-863d-4b78-b099-e039b73490d7,google_play,1,42.0,emergent,emergent,"Search used to be effortless, but the latest updates ruined it. It can't locate anything anymore even obvious photos that I know are right there in my library. Frustrating to see a core feature stop working properly. peak enshittification","User experiences a broad search regression where previously retrievable, obvious photos can no longer be found.",emotions: frustrated,"exact date, exact location, album, file name",,https://play.google.com/store/apps/details?id=com.google.android.apps.photos&reviewId=31ab9f12-ffb4-4711-ad73-cc3f4af13a3b,2026-09-09T23:27:19
c09791ec-8ada-4a9f-9d3c-6476816d4b86,google_play,1,34.0,emergent,emergent; temporal_approximation,"edit: I fixed the problem, used an apk to download version 7.90! the last update to the UI has made this app unusable. I cant find any of the photos im looking for, things are no longer grouped by date, some photos dont show up at all in the main grid and now i have to dig in collections to find them, theres so many more issues too. the app worked amazingly before this update, I will look into downloading an older version and recommend others do the same or avoid updating if you havent yet",The user cannot browse or locate photos due to a UI redesign that removed chronological date grouping and hid items from the main feed into collections.,emotions: frustrated | temporal_cues: date grouping,"exact date, exact location, album, keywords to search, file name",,https://play.google.com/store/apps/details?id=com.google.android.apps.photos&reviewId=17ff7e6d-5871-4b4a-961b-a8643651fead,2026-09-09T22:51:29
4fec847d-b7dc-4101-a672-29904317ce33,google_play,4,7.5,emergent,emergent; people_event,"I love it, but please add a direct button to merge face groups. The AI constantly creates multiple albums for the same person due to age or angles. While I know they can theoretically be combined by renaming the group to trigger a suggestion or reassigning photos, it's very unintuitive and frequently fails, leaving duplicated profiles with the exact same name.","The face recognition system creates duplicate clusters for the same person due to variations in age or angle, lacking a reliable or direct mechanism to merge split identity profiles.","people: same person across different ages | emotions: frustrated | temporal_cues: different ages | visual_cues: different angles, aging changes","exact date, exact location, file name",,https://play.google.com/store/apps/details?id=com.google.android.apps.photos&reviewId=ffd18ead-34a1-40a8-9276-95962eb11d8e,2026-09-09T20:06:46
aa7b4dec-7816-4f44-a138-d2b0adb616f0,google_play,1,30.0,emergent,emergent,It's a pain in the neck to find the photos that I need. They are not organized by category as you claim this version would do. I now I have to pay every month? What's up with that? I have so many pictures & now I have to move them somewhere else. followed the steps and still can't find what I need.,The user is unable to find photos due to the failure of automatic categorization and semantic grouping features.,emotions: frustrated,"exact date, exact location, album, keywords to search, file name",,https://play.google.com/store/apps/details?id=com.google.android.apps.photos&reviewId=0f9ad393-91cc-45eb-bcc2-4882bfbae5f3,2026-09-09T08:33:12
2e306778-4072-4e11-856c-396b93df13e2,google_play,1,42.0,emergent,emergent,"Waste more time trying to dismiss constant nagging to try their AI slop. Why do I pay so much for storage, and then get nagged with some dumb feature nobody wants. Just let me store my photos like I pay for. **After forcing us to use albums instead of folders, search hasn't even worked for years. Want to find a photo or folder with an exact name...doesn't work. It will use useless AI to find a thousand unrelated pictures it thinks are similar instead of the one picture with the exact name.","User attempts to find photos or folders by exact filename or title match, but semantic search overrides exact metadata matching and returns irrelevant visual results.","emotions: frustrated | object_cues: photo with exact name, folder with exact name","exact date, exact location, album",,https://play.google.com/store/apps/details?id=com.google.android.apps.photos&reviewId=699245f6-e958-4faa-a544-ddf42ad66ec3,2026-09-08T21:38:00
83b853be-24b6-4949-a0df-681f3a4c3add,google_play,1,32.2,emergent,emergent,"Completely messed up the search function. It used to be really simple to search, now there's about 3 more unnecessary steps added for no upside as far as I can see. Please reinstate the old UI.",The user encounters friction and retrieval failure caused by a UI redesign that introduced extra steps and complexity to the search workflow.,emotions: frustrated,,,https://play.google.com/store/apps/details?id=com.google.android.apps.photos&reviewId=9c5b323d-c364-4ee6-89e2-1f981e97761e,2026-09-08T20:17:52
a5b4d1f4-579b-44f6-95d8-bd166cb3f9c1,google_play,2,22.5,emergent,emergent,Lacking image search features and Gemini integration.,User requests advanced reverse image search capabilities and Gemini AI integration which are not currently supported.,,,,https://play.google.com/store/apps/details?id=com.google.android.apps.photos&reviewId=8248e690-792d-4c7d-a6c2-66b6fd2cfd46,2026-09-08T15:21:27
0a663068-2c1b-4439-b7a2-9f4ca386754a,google_play,2,46.5,emotional_association,emotional_association; emergent,"I don't like how the app constantly rearrange photos, making them very difficult to find. I also don't appreciate the app creating slide shows on its own. For example, the app took pictures of my mom not along after she passed. She was very ill and the pictures were her at her worst. I was shocked the app used the pictures and, without my permission, put together a slide show. It was painful to see. Perhaps there is a way to shut off this feature, but I can't find it. Not a fan of this app",The system lacks sensitivity to emotional context and user grief by automatically curating and surfacing painful photos of an ill deceased family member in proactive slideshows.,"people: mom | emotions: shocked, painful, distressed | temporal_cues: not long before she passed, period when she was very ill | visual_cues: her at her worst, looking very ill | event_context: mom's illness prior to passing","exact date, exact location, album, file name",,https://play.google.com/store/apps/details?id=com.google.android.apps.photos&reviewId=4fceb7fc-7f57-4831-bc53-b1faed472b58,2026-09-08T08:49:22
e43ca4d5-4739-490a-ba39-f51a6b097c39,google_play,2,34.5,emergent,emergent,"has deleted whole faces without even asking me, and does a terrible job identifying cats. also extremely slow and tedious to try to add to albums/faces",The user experiences failures with pet recognition (identifying cats) and automated face grouping/clustering management.,"emotions: frustrated, tedious | visual_cues: faces, cats | object_cues: cats","exact date, exact location, file name",,https://play.google.com/store/apps/details?id=com.google.android.apps.photos&reviewId=1b8553c8-4868-49f3-9ca7-1b4b538137e5,2026-09-08T04:37:13
4c192062-1bb1-4bba-a105-6d2d04598e30,google_play,5,0.0,emergent,emergent,Love this app. The UI is beautiful. I do wish we could use hash tags to make searching faster.,User desires manual organization and retrieval via custom hashtags or user-defined tags.,,,,https://play.google.com/store/apps/details?id=com.google.android.apps.photos&reviewId=5a67af38-c748-4890-a707-e92430be324e,2026-09-07T17:19:55
ecf3348a-8a56-44d1-a5e0-235029ec9356,google_play,2,22.5,people_event,people_event,"The people & pet grouping and then auto-updating albums are fantastic features, if they actually worked. Has not id'ed a person in months despite being on latest version and reaching out for support. Group similar faces option is on.","The system fails to detect and cluster faces or update people albums, preventing retrieval and organization by recognized individuals.","people: people, pets | emotions: frustrated | temporal_cues: in months | visual_cues: faces","exact date, exact location, file name",,https://play.google.com/store/apps/details?id=com.google.android.apps.photos&reviewId=0b28df7f-204b-4744-89e8-33614c354b4f,2026-09-07T15:22:13
7743dba9-dfea-46c5-b7fd-30a116dac544,google_play,4,31.5,emergent,emergent,"It's terrible, it backs the pics up before I get a chance to edit them, then I can't find then again to save my storage space. Worst app ever, shame on you google. Thanks for the advice on how to use the product correctly . I still have trouble, I just don't whinge about it so openly, anymore.","User is unable to locate newly backed-up, unedited photos to review and manage them for storage cleanup.","emotions: frustrated, annoyed | temporal_cues: before editing, recently backed up | visual_cues: unedited photos | event_context: backing up photos, storage management | object_cues: unedited pictures","exact date, exact location, album, keywords to search, file name",,https://play.google.com/store/apps/details?id=com.google.android.apps.photos&reviewId=90ad0544-cb78-439e-88ca-d02a3b795fb3,2026-09-07T11:58:29
77fbb67b-bbc4-42bb-97c3-b9630c344ad0,google_play,1,30.0,emergent,emergent,"The photos aren't lost, they are 6 yr old photos that are present in the Google Photos Cloud. I restored them to a phone so I may edit them and use them. Restored images are sitting on their original calendar dates instead of the top. How can you expect anyone using a photo editing app or other app to spend time scrolling through 2026 to 2020 images when they have a lot of images? It never used to be like this. Your links are not relevant to the issue. Something changed on the backend. Thanks","Restored photos are indexed strictly by original capture date rather than recency of download or restore, preventing easy access in external apps and requiring tedious timeline scrolling.","emotions: frustrated | temporal_cues: 6 yr old photos, 2020 | event_context: photo editing","exact date, file name",,https://play.google.com/store/apps/details?id=com.google.android.apps.photos&reviewId=b83d8437-28ca-4f9d-a453-36dd41556022,2026-09-07T08:45:28
c5cabfaf-14ec-4800-af06-39554dee75ff,google_play,1,30.0,contextual_episodic,contextual_episodic,"badly needs a way to relabel the image detection like you can with faces. It's completely incompetent. really hope it's an act and behind the scenes it actually works but they don't want to spook people because the photo memories of things like ""sweet treats"" almost never have anything sweet in them, you think just accidentally they'd be right more than this.","The system fails to accurately identify thematic content and occasions for curated memories like 'sweet treats', frequently misclassifying photos without matching items or context.","visual_cues: sweet treats | object_cues: sweet treats, desserts/sweets","exact date, exact location, album, file name",,https://play.google.com/store/apps/details?id=com.google.android.apps.photos&reviewId=07e0d981-3440-482e-8fe7-a4709f23b6d7,2026-09-07T04:30:36
884479dd-048c-4f51-8ac0-628eafa50af8,google_play,4,7.5,emergent,emergent,"I still wish map search was available on the desktop as well as the app. other than that, I'm happy",User wants geographic map-based photo search and browsing capabilities supported on the desktop web interface.,,,,https://play.google.com/store/apps/details?id=com.google.android.apps.photos&reviewId=af0e9c19-5c6e-45cf-88a5-e00df719e4f2,2026-09-07T04:22:59
376cb91a-7299-48b8-beae-01e6b21d93b6,google_play,1,30.0,emergent,emergent,I can't find the photos that I need.,User reports a general inability to locate needed photos without providing specific search criteria or retrieval context.,emotions: frustrated,"exact date, exact location, keywords to search, file name",,https://play.google.com/store/apps/details?id=com.google.android.apps.photos&reviewId=f7610784-f71f-41e5-80ea-c0988dfe1ac1,2026-09-06T23:40:07
4985e7db-1054-41f7-a39e-1bb8de007c10,google_play,1,54.0,temporal_approximation,temporal_approximation,This app is total trash. with every update. it ruins the ability to search and find photographs. It keeps trying to force AI into managing photographs. The simple act of trying to find a photo on a particular date is impossible. This is total and absolute AI garbage.,User is unable to locate photos by specific date due to AI-driven search overriding basic chronological and date-based retrieval.,temporal_cues: particular date,"exact location, album, keywords to search, file name",,https://play.google.com/store/apps/details?id=com.google.android.apps.photos&reviewId=cc304f99-c7d6-4606-a7b2-fc121097f19c,2026-09-06T16:54:44
a4aca79a-7ac7-4d94-816f-7d8764a935e9,google_play,1,58.0,people_event,people_event,Multiple select to share photos broken - only sends some photos now. Face detection broken since October 2025. Trouble loading shots bug - can't work with motion photos Faces aren't being tagged reliably anymore This app is worse than it was 5 years ago! Maybe Google is planning to retire it like they retire everything else.,"Face detection and automatic tagging are failing, preventing reliable organization and retrieval of photos by person.","emotions: frustrated, disappointed | temporal_cues: October 2025, 5 years ago | visual_cues: faces, motion photos | object_cues: motion photos","exact date, exact location, file name",,https://play.google.com/store/apps/details?id=com.google.android.apps.photos&reviewId=5915348f-249b-45c7-9ef6-697a4952fd6c,2026-09-06T15:05:02
8cb95479-f630-4e1d-81c3-bd1b01f7b905,google_play,5,0.0,temporal_approximation,temporal_approximation,can you find my pictures from 2020 threw 2024,User wants to search for and retrieve photos spanning a specific multi-year date range from 2020 through 2024.,temporal_cues: 2020 through 2024,"exact date, exact location, album, keywords to search, file name",,https://play.google.com/store/apps/details?id=com.google.android.apps.photos&reviewId=5db6ec95-9bfd-41dd-9b7d-9419b2d59ac8,2026-09-06T06:29:35
c3efb14f-468a-4bfe-9a03-ae2a1407569d,google_play,3,39.0,emergent,emergent,Great editing features. It would be improved hugely if the facial organisation allowed efficient manual rearrangement. Removing faces takes a really long time as well as not being able to delete categories which the app has made which may consist of completely random photos. You also cannot manually add photos to a face which is annoying. The worst feature however is the search function constantly never working and showing blanks for even the suggested search.,"User experiences systemic search breakdown returning blank results even for suggested queries, alongside deficiencies in face cluster management and manual tagging.","emotions: annoyed, frustrated | visual_cues: faces","exact date, exact location, album, file name",,https://play.google.com/store/apps/details?id=com.google.android.apps.photos&reviewId=bd953071-c12e-49d1-9d15-53bd2978a137,2026-09-06T06:29:20
dea50237-d781-4322-b570-6750a89e3d13,google_play,2,22.5,people_event,people_event; contextual_episodic,no longer recognize faces or scenes when it is so clear and has so much data for this person already,The system fails to recognize familiar faces and scenes despite clear imagery and extensive historical data for the person.,"people: specific person with extensive data | visual_cues: clear face, clear scenes","exact date, exact location, file name",,https://play.google.com/store/apps/details?id=com.google.android.apps.photos&reviewId=dc1ef762-6e98-4fc2-b9ed-e5ffd87f02c3,2026-09-06T02:01:21
ae05566c-2d73-499a-b502-28634d4640d1,google_play,1,70.0,emergent,emergent,"1/28/2026 MINUS, MINUS ZERO!!! THE CROPPING TOOL IS TERRIBLE 😡😡😡 I ABSOLUTELY HATE THIS NEW UPDATE😡BRING BACK THE OLD GOOGLE PHOTOS!!!! THESE UPDATES GETS WORSE WITH EACH UPDATE!!! 9/6/26. . THE SEARCH. BUTTON SHOULD HAVE NEVER BEEN UPDATED AT ALL IN THE FIRST PLACE. AI CAN NEVER, EVER FIND MY PHOTOS. ""GOOGLE PHOTOS"" UPDATES ARE HORRENDOUS 😲😲😲!!!!!!!! FIRE ai !!!!! FIRE ai !!!!!!!!!!",User experiences a broad regression in search accuracy where the updated AI search model fails to retrieve photos compared to the previous search system.,,"exact date, exact location, album, keywords to search, file name",,https://play.google.com/store/apps/details?id=com.google.android.apps.photos&reviewId=c8455eda-6e43-4994-9ffd-438d16c1f5d9,2026-09-05T21:02:29
5b22bbfe-53e8-4885-9f3c-cf84f1547638,reddit,N/A,16.0,contextual_episodic,contextual_episodic,"Why can't Google Photos search by atmosphere or vibe? 'Cozy coffee shop rainy day' gives me zero results

I took a photo 2 years ago sitting by the window in a quiet café in Seattle while it was pouring outside. I remember the warm string lights, steam from my latte mug, and rain streaks on the window. When I type 'coffee shop rainy day' or 'rainy coffee shop Seattle' it brings up random pictures of rain in my backyard and a Starbucks receipt. It completely fails to understand the scene context!","The search engine fails to capture the narrative atmosphere and situational context of a 'cozy rainy coffee shop', instead returning literal, disconnected results like backyard rain or receipts.","emotions: cozy, quiet, warm | temporal_cues: 2 years ago, rainy day | location_cues: Seattle, quiet café, by the window | visual_cues: warm string lights, steam from latte mug, rain streaks on the window, pouring rain outside | event_context: sitting by the window in a café while it was pouring outside | object_cues: string lights, latte mug, window","exact date, exact location, album, keywords to search, file name","Cozy coffee shop rainy day, coffee shop rainy day, rainy coffee shop Seattle",https://reddit.com/r/googlephotos/comments/12a1b1/why_cant_google_photos_search_by_atmosphere/,2024-11-12T14:32:00+00:00
0274535d-6950-47b6-9c6b-a3e9657b06e4,reddit,N/A,30.0,contextual_episodic,contextual_episodic; visual_detail,"Same issue here. I tried searching 'sunny picnic in the park with red blanket' and it showed photos of red cars. Google Photos AI is good at object tags ('coffee cup', 'dog') but terrible at understanding narrative memory or context.",The search engine failed to capture the contextual scene of a sunny picnic and conflated a specific visual attribute ('red blanket') with unrelated red objects.,"temporal_cues: sunny | location_cues: park | visual_cues: sunny, red blanket | event_context: picnic | object_cues: red blanket","exact date, exact location, file name",sunny picnic in the park with red blanket,https://reddit.com/r/googlephotos/comments/12a1b1/why_cant_google_photos_search_by_atmosphere/comment_0,2024-11-12T14:32:00+00:00
41f17869-41cb-43a6-b9d4-30ea072b0c41,reddit,N/A,12.0,contextual_episodic,contextual_episodic; visual_detail,"I spent 45 minutes scrolling through 2022 trying to find my anniversary dinner photo because I only remember the candlelit table and dimmed lighting, but search only knows 'table' or 'restaurant' which brings up 500 work lunch pictures.",User struggled to find an anniversary dinner photo using atmospheric and lighting cues like 'candlelit' and 'dimmed lighting' because the search system only indexed generic object nouns like 'table' and 'restaurant'.,"emotions: romantic | temporal_cues: 2022 | location_cues: restaurant | visual_cues: candlelit table, dimmed lighting | event_context: anniversary dinner | object_cues: table, candle","exact date, exact location, album, keywords to search, file name","table, restaurant",https://reddit.com/r/googlephotos/comments/12a1b1/why_cant_google_photos_search_by_atmosphere/comment_1,2024-11-12T14:32:00+00:00
f8b58680-209f-4e1f-994b-7cd859b181f9,reddit,N/A,30.0,contextual_episodic,contextual_episodic,This is what drives me crazy. Our human memory recalls how an event felt or the situation (e.g. 'breakfast after my morning hike') but search only accepts literal nouns like 'pancake'.,User searches based on situational and episodic context ('breakfast after my morning hike') rather than discrete literal object labels.,"emotions: how an event felt | temporal_cues: morning | event_context: breakfast after my morning hike, morning hike, breakfast | object_cues: pancake","exact date, exact location, keywords to search, file name","breakfast after my morning hike, pancake",https://reddit.com/r/googlephotos/comments/12a1b1/why_cant_google_photos_search_by_atmosphere/comment_2,2024-11-12T14:32:00+00:00
9c65dc91-39c1-4e93-8716-1974058ff056,reddit,N/A,30.0,temporal_approximation,temporal_approximation,"Search by date is completely broken when I don't know the exact year or month

I know I went to that concert sometime in late autumn between 2017 and 2019. If I search 'concert fall 2018' or 'outdoor music festival autumn', it gives nothing. I literally have to manually scroll through 3 years of thumbnails hoping my eyes catch the stage lighting. Why can't I search 'concert in October or November around 2018'?",The user is unable to retrieve concert photos using approximate seasonal and multi-year timeframes like 'late autumn between 2017 and 2019'.,"temporal_cues: late autumn between 2017 and 2019, fall 2018, October or November around 2018 | location_cues: outdoor | visual_cues: stage lighting | event_context: concert, outdoor music festival","exact date, exact location, file name","concert fall 2018, outdoor music festival autumn",https://reddit.com/r/googlephotos/comments/13b2c2/search_by_date_is_completely_broken_temporal/,2024-10-05T09:15:00+00:00
a26714e7-5411-4d43-8b5b-d307185ebd90,reddit,N/A,12.0,temporal_approximation,temporal_approximation,"Temporal search is so rigid. You either type 'October 2018' or nothing. Humans don't remember timestamps, we remember 'about 5 years ago around Thanksgiving'.","The search system fails to support relative or approximate temporal queries like 'about 5 years ago around Thanksgiving', rigidly requiring exact calendar dates.","temporal_cues: about 5 years ago, around Thanksgiving | event_context: Thanksgiving","exact date, keywords to search",October 2018,https://reddit.com/r/googlephotos/comments/13b2c2/search_by_date_is_completely_broken_temporal/comment_0,2024-10-05T09:15:00+00:00
d55119ad-e723-458c-a32f-4f8ca93b1aa7,reddit,N/A,12.0,temporal_approximation,temporal_approximation,"Also when you travel across timezones, the timestamps get messed up and photos from the same evening get split across different days in the timeline.",Photos taken during the same evening are split across different timeline dates due to timezone shifts and improper timestamp handling.,"temporal_cues: same evening, evening | location_cues: across timezones | event_context: traveling across timezones, travel","exact date, exact location",,https://reddit.com/r/googlephotos/comments/13b2c2/search_by_date_is_completely_broken_temporal/comment_1,2024-10-05T09:15:00+00:00
e547e4a0-e043-4781-b587-3811931663b8,reddit,N/A,30.0,visual_detail,visual_detail,"Searching for a specific visual detail is impossible (e.g. 'yellow vintage suitcase in hotel room')

I took a photo of my luggage tag on a bright mustard yellow vintage suitcase inside a hotel room. Searching 'yellow suitcase' shows yellow flowers, yellow t-shirts, and my friend's yellow car. It doesn't pinpoint the suitcase at all. I had to scroll back through 10,000 photos to find it.",User searched for a specific colored object ('yellow suitcase') but the system only matched the color to unrelated objects rather than identifying the suitcase.,"location_cues: hotel room | visual_cues: bright mustard yellow, vintage | object_cues: luggage tag, vintage suitcase","exact date, exact location, album, file name","yellow suitcase, yellow vintage suitcase in hotel room",https://reddit.com/r/googlephotos/comments/14c3d3/searching_for_visual_detail_is_impossible/,2024-09-20T18:40:00+00:00
205e0de2-0afe-41e1-94f8-d0a334a1847c,reddit,N/A,34.0,visual_detail,visual_detail,"Color search in Google Photos is the worst. If I search 'blue dress', it matches any photo that has a blue sky in the background!","The search system fails to correctly bind the color attribute to the specified clothing item, returning photos with dominant background colors like blue sky instead of a blue dress.",visual_cues: blue dress | object_cues: blue dress,"exact date, exact location, album, file name",blue dress,https://reddit.com/r/googlephotos/comments/14c3d3/searching_for_visual_detail_is_impossible/comment_0,2024-09-20T18:40:00+00:00
022ee0c7-4803-4317-a1cf-46185419245f,reddit,N/A,12.0,visual_detail,visual_detail,I was searching for a picture of my dog wearing a red bandana. Search 'dog red bandana' showed every photo of my dog (over 800 photos) and highlighted random red objects in other photos.,"The search failed to associate a specific visual attribute (red bandana) with the subject (dog), returning all photos of the dog instead of filtering by the clothing item.","visual_cues: dog wearing a red bandana, red bandana | object_cues: red bandana, dog","exact date, exact location, album, file name",dog red bandana,https://reddit.com/r/googlephotos/comments/14c3d3/searching_for_visual_detail_is_impossible/comment_1,2024-09-20T18:40:00+00:00
2f157ee3-1872-4bc3-a661-20816d1234f2,reddit,N/A,30.0,people_event,people_event,"People + Event combinations fail constantly. 'Dave and Sarah wedding' brings up every photo of Dave ever taken

I wanted to find the photo where my brother Dave and his fiancée Sarah were dancing at Mark's wedding in 2021. Both Dave and Sarah have named face clusters. When I search 'Dave Sarah wedding', instead of showing photos containing both of them in formal attire or wedding settings, it just dumps every single photo of Dave from 2015 to 2024. The co-occurrence logic is non-existent.","The search engine failed to perform co-occurrence and event filtering for multiple named people at a specific wedding, instead dumping all historical photos of a single individual.","people: brother Dave, fiancée Sarah, Mark | temporal_cues: 2021 | visual_cues: dancing, formal attire | event_context: Mark's wedding, dancing at wedding","exact date, exact location, album, file name","Dave and Sarah wedding, Dave Sarah wedding",https://reddit.com/r/googlephotos/comments/15d4e4/people_event_combinations_fail_constantly/,2024-12-01T11:05:00+00:00
ee203c6d-0548-49c3-ae73-c4b5e4972dfa,reddit,N/A,20.2,people_event,people_event,"Yes! It performs an OR search instead of an AND search, or it completely ignores the event keyword 'wedding'.",The search engine fails co-occurrence conjunction logic by executing an OR search or completely ignoring an event descriptor like 'wedding'.,event_context: wedding,"exact date, exact location, album, file name",wedding,https://reddit.com/r/googlephotos/comments/15d4e4/people_event_combinations_fail_constantly/comment_0,2024-12-01T11:05:00+00:00
fc4fee95-5a95-4d00-a7dd-d83b0135323b,reddit,N/A,12.0,people_event,people_event,"Try searching 'Mom and Dad Christmas'. It gives me 1,200 photos of Mom, half of which Dad isn't in, and half aren't even during Christmas.","The search fails to enforce co-occurrence logic for multiple people and an event, returning individual photos of one person outside the specified holiday.","people: Mom, Dad | temporal_cues: Christmas | event_context: Christmas","exact date, exact location, album, file name",Mom and Dad Christmas,https://reddit.com/r/googlephotos/comments/15d4e4/people_event_combinations_fail_constantly/comment_1,2024-12-01T11:05:00+00:00
04dc4661-d10c-4aff-842c-8046a6362c4f,reddit,N/A,30.0,people_event,people_event; contextual_episodic,"Face recognition is amazing in isolation, but query composition where you combine faces + activities + setting is totally broken.",The search engine fails to handle composite queries combining recognized individuals with specific activities and situational settings.,people: people (faces) | location_cues: setting | event_context: activities,"exact date, exact location, album, file name",,https://reddit.com/r/googlephotos/comments/15d4e4/people_event_combinations_fail_constantly/comment_2,2024-12-01T11:05:00+00:00
7d7d8861-c89b-48f7-984c-815a5c8120ae,reddit,N/A,13.0,document_screenshot,document_screenshot,"Can't find a picture of a receipt / warranty serial number I snapped 6 months ago

I bought a refrigerator last year and took a photo of the appliance model sticker and the paper receipt from Home Depot. I tried searching 'Home Depot receipt', 'refrigerator serial number', 'appliance sticker', 'model number'. Zero results. The OCR in Google Photos seems to only index words if the image looks like a clean document, not if it's a photo taken under kitchen lighting.",OCR failed to recognize and retrieve photos of a receipt and appliance serial number sticker captured under casual lighting conditions.,"temporal_cues: 6 months ago, last year | location_cues: kitchen | visual_cues: kitchen lighting, not a clean document | event_context: bought a refrigerator | object_cues: receipt, warranty serial number, refrigerator, appliance model sticker, paper receipt from Home Depot","exact date, exact location, album, keywords to search, file name","Home Depot receipt, refrigerator serial number, appliance sticker, model number",https://reddit.com/r/googlephotos/comments/16e5f5/cant_find_picture_of_receipt_warranty_serial/,2024-08-14T20:10:00+00:00
66b30c29-def7-4539-807f-2343fe42ad00,reddit,N/A,32.4,document_screenshot,document_screenshot,"OCR search in Google Photos is so hit-or-miss. It will find a sign in the background of a street photo, but fail to find text on a clearly visible handwritten note or store receipt.",OCR text extraction fails to reliably index and retrieve readable handwritten notes and store receipts.,"emotions: frustrated | location_cues: street | visual_cues: sign in the background, clearly visible text | object_cues: sign, handwritten note, store receipt","exact date, exact location, album, file name",,https://reddit.com/r/googlephotos/comments/16e5f5/cant_find_picture_of_receipt_warranty_serial/comment_0,2024-08-14T20:10:00+00:00
073c9347-aa78-48dd-865e-76a2f0f206e9,reddit,N/A,30.0,document_screenshot,document_screenshot,I ended up creating an album called 'Receipts and Documents' because searching for screenshots or documents is a nightmare.,"User struggled to reliably search for and retrieve receipts, documents, and screenshots, resorting to a manual album workaround.","emotions: frustrated | object_cues: receipts, documents, screenshots","exact date, exact location, album, keywords to search, file name",,https://reddit.com/r/googlephotos/comments/16e5f5/cant_find_picture_of_receipt_warranty_serial/comment_1,2024-08-14T20:10:00+00:00
5e44f9e4-142e-401d-a843-9821619fc0ef,reddit,N/A,16.0,document_screenshot,document_screenshot,Same with parking tickets or parking garage level photos. I take a picture of 'Section 4B Blue Level' so I remember where I parked. Searching 'parking' 3 hours later shows airport runways!,"The user cannot retrieve utility photos of parking garage levels or tickets using search terms like 'parking', resulting in unrelated results.","temporal_cues: 3 hours ago, same day | location_cues: parking garage | visual_cues: Section 4B Blue Level, blue | event_context: parking the car | object_cues: parking tickets, parking garage level sign","exact location, album, keywords to search, file name",parking,https://reddit.com/r/googlephotos/comments/16e5f5/cant_find_picture_of_receipt_warranty_serial/comment_2,2024-08-14T20:10:00+00:00
c5d93763-bbf7-4d49-bb31-dcf20e0e9859,reddit,N/A,12.0,object_in_scene,object_in_scene,"Searching for secondary objects in the background (not the main subject)

I remember taking a picture of my kid playing in the living room, and in the background on the coffee table was a book my grandmother gave me. I wanted to see the book cover title. Searching 'book' or 'living room book' only shows pictures where a book fills the entire frame. If an object is secondary in the background, Google Photos search completely overlooks it.","The search engine only prioritizes primary focal subjects and fails to detect or retrieve incidental, secondary objects located in the background.","people: kid | location_cues: living room, coffee table, background | visual_cues: kid playing, book in background on coffee table, book cover title | event_context: kid playing in the living room | object_cues: book, coffee table","exact date, exact location, album, keywords to search, file name","book, living room book",https://reddit.com/r/googlephotos/comments/17f6g6/searching_for_secondary_objects_in_background/,2024-07-28T16:22:00+00:00
da6f576a-2fdd-44c4-9003-c3ed6858bcc5,reddit,N/A,12.0,object_in_scene,object_in_scene; visual_detail,"This is such a common failure mode. User remembers an incidental detail: 'my brother holding a green water bottle', but the AI only tagged 'person, smiling, indoor'.","The system only tags generic high-level labels and fails to index an incidental object and its visual attributes, such as a green water bottle held by a subject.","people: brother | visual_cues: holding a green water bottle, green | object_cues: green water bottle","exact date, exact location, album, keywords to search, file name",my brother holding a green water bottle,https://reddit.com/r/googlephotos/comments/17f6g6/searching_for_secondary_objects_in_background/comment_0,2024-07-28T16:22:00+00:00
3b8a46c2-b04c-4812-a7e5-3672a5fd8b0e,reddit,N/A,12.0,visual_detail,visual_detail; object_in_scene,I had a similar issue trying to find the paint color on our dining room wall from a photo of Christmas dinner. Couldn't find it without scrolling.,The user was unable to find a photo showing the background dining room wall paint color taken during a Christmas dinner event.,temporal_cues: Christmas | location_cues: dining room | visual_cues: paint color on wall | event_context: Christmas dinner | object_cues: wall,"exact date, exact location, album, keywords to search, file name",,https://reddit.com/r/googlephotos/comments/17f6g6/searching_for_secondary_objects_in_background/comment_1,2024-07-28T16:22:00+00:00
1d8949e3-975a-44b0-add4-c9ae4fa0a416,reddit,N/A,12.0,temporal_approximation,temporal_approximation; contextual_episodic,"Google Photos search makes me want to switch back to local folders on my PC

I have 45,000 photos in Google Photos spanning 12 years. Finding anything specific is becoming an ordeal. The search bar promises 'search anything' but in reality if you don't remember the exact city or year, you're doomed. What happened to semantic understanding? It feels like search hasn't improved since 2018.","User struggles to locate photos across a large multi-year library because the system relies on exact years and locations rather than supporting semantic, contextual, or approximate temporal queries.",emotions: frustrated,"exact date, exact location, keywords to search",,https://reddit.com/r/googlephotos/comments/18g7h7/google_photos_search_makes_me_want_to_switch/,2025-01-10T13:45:00+00:00
271ad71d-e087-4ccf-be38-006bdbb04d96,reddit,N/A,45.6,contextual_episodic,contextual_episodic,I'm considering exporting everything to Apple Photos or Immich. Immich with CLIP search actually finds complex queries much better than Google Photos.,User notes that Google Photos struggles with complex semantic and open-vocabulary natural language queries compared to vector/CLIP-based search systems.,,,,https://reddit.com/r/googlephotos/comments/18g7h7/google_photos_search_makes_me_want_to_switch/comment_0,2025-01-10T13:45:00+00:00
fe36efbd-1ab4-4277-81c3-a4b358a761c6,reddit,N/A,13.0,document_screenshot,document_screenshot,"Lost my grandfather's handwritten recipe card photo in a sea of food pictures

A few years ago my grandpa wrote down his secret marinara sauce recipe on an index card. I took a photo of it. When I search 'recipe' or 'handwritten' or 'pasta card' or 'index card', Google Photos shows 300 plates of spaghetti and pizza I ate at restaurants, but NOT the photo of the recipe card. How do I find this without manual scrolling?","User is searching for a photo of a handwritten recipe on an index card, but search returns food dishes instead of recognizing and retrieving the handwritten document.","people: grandfather, grandpa | temporal_cues: a few years ago | visual_cues: handwritten, index card | event_context: grandpa writing down his secret recipe | object_cues: recipe card, handwritten index card, marinara sauce recipe","exact date, exact location, album, keywords to search, file name","recipe, handwritten, pasta card, index card",https://reddit.com/r/googlephotos/comments/19h8i8/lost_my_grandfathers_handwritten_recipe_card/,2025-02-04T17:30:00+00:00
a95d7f35-bd5c-4e53-8e00-fa0ef98f5e0d,reddit,N/A,12.0,document_screenshot,document_screenshot,"Have you tried searching 'text' or 'paper'? Sometimes that works, but yeah, Google Photos struggles to distinguish handwritten notes from restaurant food menus.","The search system fails to accurately distinguish between specific document types, conflating handwritten notes with restaurant menus.","visual_cues: handwritten | object_cues: handwritten notes, restaurant food menus, paper, text","exact date, exact location, album, keywords to search, file name","text, paper",https://reddit.com/r/googlephotos/comments/19h8i8/lost_my_grandfathers_handwritten_recipe_card/comment_0,2025-02-04T17:30:00+00:00
0923c256-21f4-4472-b7cd-f42a931d2764,reddit,N/A,12.0,document_screenshot,document_screenshot,I had the exact same experience with an old postcard. Food search is way over-sensitive to any culinary keyword.,"The system exhibited over-sensitive semantic matching, incorrectly categorizing or indexing an old postcard under food-related search keywords.","temporal_cues: old | object_cues: postcard, old postcard","exact date, exact location, album, keywords to search, file name",,https://reddit.com/r/googlephotos/comments/19h8i8/lost_my_grandfathers_handwritten_recipe_card/comment_1,2025-02-04T17:30:00+00:00
6bd44a1d-0001-49ba-9008-650b3037e0e6,reddit,N/A,30.0,emergent,emergent; contextual_episodic,"Trip photos from a road trip: searching by route or stops is impossible

Took a road trip from Denver to Moab. We stopped at a random quirky diner shaped like a spaceship or teapot. I don't remember the town name or date, just that it was midway on the drive. Searching 'road trip diner' or 'quirky diner Colorado Utah' returns nothing. The map view in Google Photos is clumsy because you have to zoom into every tiny highway pin.",User is unable to retrieve photos based on a travel route or stops along a road trip corridor without knowing specific dates or town names.,"emotions: quirky | location_cues: road trip from Denver to Moab, midway on the drive, Colorado, Utah, random quirky diner | visual_cues: shaped like a spaceship or teapot | event_context: road trip, road trip from Denver to Moab, stopped at a diner | object_cues: diner shaped like a spaceship or teapot","exact date, exact location, keywords to search","road trip diner, quirky diner Colorado Utah",https://reddit.com/r/googlephotos/comments/1ai9j9/trip_photos_from_a_road_trip_searching_by_route/,2024-06-18T10:00:00+00:00
d9eae310-5f91-42d4-a5d7-ef04f657a550,reddit,N/A,12.0,emotional_association,emotional_association,"Searching for emotion or mood: 'funny face', 'crying baby', 'laughing together'

My daughter made this hilarious goofy face with spaghetti on her head when she was a toddler. Searching 'funny face' or 'silly face' or 'laughing' gives generic smiling portraits. It has no semantic grasp of humor, chaos, or candid emotional moments. It treats every smile identically.","The search engine fails to recognize humorous, candid, or exaggerated facial expressions, returning generic smiling portraits instead of specific emotional moments.","people: daughter | emotions: hilarious, goofy, humor, chaos, candid | temporal_cues: when she was a toddler | visual_cues: goofy face, spaghetti on her head | object_cues: spaghetti","exact date, exact location, album, keywords to search, file name","funny face, silly face, laughing, crying baby, laughing together",https://reddit.com/r/googlephotos/comments/1bj0k0/searching_for_emotion_or_mood_funny_face_crying/,2025-01-22T08:15:00+00:00
d244407b-56e2-4d91-861e-d25e66a1026a,reddit,N/A,12.0,emotional_association,emotional_association,"Candid vs posed is a huge blind spot. I want to find genuine laughter or emotional moments from our wedding, not the 200 posed formal group shots.",The user is unable to retrieve candid emotional moments and genuine laughter from their wedding because search cannot differentiate candid shots from posed formal portraits.,"emotions: genuine laughter, emotional moments | visual_cues: candid, not posed formal group shots | event_context: wedding","exact date, exact location, album, keywords to search, file name",,https://reddit.com/r/googlephotos/comments/1bj0k0/searching_for_emotion_or_mood_funny_face_crying/comment_0,2025-01-22T08:15:00+00:00
e3c06432-74bc-48c0-8b50-3352f6876583,reddit,N/A,12.0,emotional_association,emotional_association,"Google Photos prioritizes high technical quality (in focus, bright lighting, centered face) which means candid blurry hilarious memories are buried.","Google Photos prioritizes technically polished and centered shots, burying spontaneous, candid, and hilarious emotional moments.","emotions: hilarious | visual_cues: candid, blurry","exact date, exact location, album, keywords to search, file name",,https://reddit.com/r/googlephotos/comments/1bj0k0/searching_for_emotion_or_mood_funny_face_crying/comment_1,2025-01-22T08:15:00+00:00
96cdc8d3-4e41-4216-983b-782e7ccc87f5,reddit,N/A,13.2,document_screenshot,document_screenshot,"Whiteboard notes from brainstorming sessions are unfindable unless you remember the month

At work we take photos of whiteboards after sprint planning. When I search 'whiteboard' or 'architecture diagram', Google Photos shows whiteboards from 5 years ago mixed with pictures of white walls and notebook pages. Searching for words written on the board like 'Kubernetes migration' fails 80% of the time because the marker glare messes up OCR.",User is unable to locate work whiteboard notes because OCR fails to index handwritten text due to glare and keyword searches return irrelevant documents or historical images.,"location_cues: work | visual_cues: marker glare, architecture diagram, handwritten marker text | event_context: brainstorming sessions, sprint planning | object_cues: whiteboard notes, whiteboards, Kubernetes migration text","exact date, exact location, album, file name","whiteboard, architecture diagram, Kubernetes migration",https://reddit.com/r/googlephotos/comments/1ck1l1/whiteboard_notes_from_brainstorming_unfindable/,2024-11-01T15:20:00+00:00
36698876-c646-45f7-a15e-504731b00e39,reddit,N/A,12.0,document_screenshot,document_screenshot; temporal_approximation,I have about 80 whiteboard photos. If I search 'whiteboard 2023' it doesn't even filter properly by year.,The search failed to correctly filter whiteboard document photos when combined with a year-based temporal query.,temporal_cues: 2023 | object_cues: whiteboard,"exact date, exact location, album, file name",whiteboard 2023,https://reddit.com/r/googlephotos/comments/1ck1l1/whiteboard_notes_from_brainstorming_unfindable/comment_1,2024-11-01T15:20:00+00:00
e49bd2f8-a2eb-4b9f-b660-8b510bd1abca,reddit,N/A,12.0,emergent,emergent; visual_detail,"Finding photos of a pet before and after an adoption or surgery

Our rescue golden retriever had a severe limp and shaved leg when we adopted him in summer 2020. I wanted to show the vet how his leg looked back then versus now. Searching 'dog shaved leg' or 'dog surgery 2020' returned every photo of my dog ever taken. Face recognition grouped him, but attribute-level search across the pet's timeline is completely missing.","The system grouped the pet by facial recognition but failed to support pet attribute and visual condition search, such as a shaved leg or post-surgery appearance.","temporal_cues: summer 2020, when we adopted him | visual_cues: rescue golden retriever, severe limp, shaved leg | event_context: pet adoption, dog surgery, showing the vet","exact date, exact location, album, keywords to search, file name","dog shaved leg, dog surgery 2020",https://reddit.com/r/googlephotos/comments/1dl2m2/finding_photos_of_pet_before_after_surgery/,2024-09-12T12:00:00+00:00
93b948e7-15cd-45f5-9bb0-03229fdaae2f,reddit,N/A,30.0,contextual_episodic,contextual_episodic; emergent,"Pet tagging is great for identity, but terrible for specific pet memories. Try finding 'dog at the beach' when you live near a beach.",User is unable to retrieve specific episodic memories of a tagged pet at a frequent location due to lack of distinct contextual and activity filtering beyond basic entity tagging.,location_cues: beach | visual_cues: dog at the beach | event_context: taking dog to the beach | object_cues: dog,"exact date, exact location, album, keywords to search, file name",dog at the beach,https://reddit.com/r/googlephotos/comments/1dl2m2/finding_photos_of_pet_before_after_surgery/comment_0,2024-09-12T12:00:00+00:00
ab2f2269-f9d5-424c-8cd7-69ae313db96c,reddit,N/A,12.0,contextual_episodic,contextual_episodic; object_in_scene,I couldn't find the photo of my cat sleeping in a shoe box. Searching 'cat box' showed Amazon delivery boxes on my porch.,"The search failed to recognize the episodic scene and relational context of a cat sleeping inside a shoe box, matching literal delivery boxes instead.","visual_cues: cat sleeping in a shoe box, sleeping cat | object_cues: cat, shoe box","exact date, exact location, album, keywords to search, file name",cat box,https://reddit.com/r/googlephotos/comments/1dl2m2/finding_photos_of_pet_before_after_surgery/comment_1,2024-09-12T12:00:00+00:00
d6b68ab1-0e5f-4e4f-bec3-2afa6310cdb4,reddit,N/A,14.7,document_screenshot,document_screenshot,"Vaccination cards and COVID records disappeared into the photo abyss

Whenever I travel internationally I need my vaccination card photo. I search 'vaccine card', 'CDC card', 'vaccination record', 'immunization'. Nothing comes up. I end up having to scroll back to March 2021 manually. Why doesn't Google Photos recognize important health or identification documents and give them a quick access shelf?",User is unable to locate photos of health documents like their COVID vaccination card using relevant keywords due to missing document recognition or OCR indexing.,"temporal_cues: March 2021 | event_context: traveling internationally | object_cues: vaccination card, COVID records, CDC card, health or identification documents","exact date, exact location, album, keywords to search, file name","vaccine card, CDC card, vaccination record, immunization",https://reddit.com/r/googlephotos/comments/1em3n3/vaccination_cards_and_records_in_photo_abyss/,2025-01-05T19:40:00+00:00
84025ae2-f3a5-4c2d-9145-e5e0790367bc,reddit,N/A,12.0,document_screenshot,document_screenshot,"They have 'Documents' category under Search -> Categories, but it lumps together parking meters, receipts, screenshots of memes, and tax forms.","The system groups overly disparate items such as receipts, tax forms, parking meters, and memes into a single generic 'Documents' category without adequate sub-categorization or filtering.","object_cues: parking meters, receipts, screenshots of memes, tax forms","exact date, exact location, album, file name",,https://reddit.com/r/googlephotos/comments/1em3n3/vaccination_cards_and_records_in_photo_abyss/comment_0,2025-01-05T19:40:00+00:00
0091d816-aff1-4257-a309-d959d7dce9b8,reddit,N/A,12.0,document_screenshot,document_screenshot,The document classification is way too coarse. A meme screenshot should not be in the same bucket as an official passport or vaccination card.,"Document categorization is overly broad, failing to distinguish between informal meme screenshots and critical official documents like passports or vaccination cards.","emotions: frustrated | visual_cues: meme screenshot | object_cues: meme screenshot, passport, vaccination card","exact date, exact location, album, file name",,https://reddit.com/r/googlephotos/comments/1em3n3/vaccination_cards_and_records_in_photo_abyss/comment_1,2025-01-05T19:40:00+00:00
0021a58b-f8c6-4527-807a-e24780ce5469,reddit,N/A,12.0,visual_detail,visual_detail; people_event,"Trying to find a photo where someone was wearing a specific outfit (e.g. green graduation gown)

My cousin graduated college in May 2019. I wanted to find the picture where she was wearing her bright forest green graduation cap and gown hugging our grandfather. Searching 'cousin green gown graduation' gave 0 results. Searching 'cousin graduation' gave photos from her high school graduation in 2015. Outfit color + event + person is such a natural way humans remember things, why can't AI handle it?",The user failed to retrieve a photo combining specific clothing color details (green graduation gown) with people and an event (cousin hugging grandfather at college graduation).,"people: cousin, grandfather | temporal_cues: May 2019, college graduation | visual_cues: bright forest green graduation cap and gown, hugging grandfather | event_context: college graduation | object_cues: graduation cap and gown","exact date, exact location, album, file name","cousin green gown graduation, cousin graduation",https://reddit.com/r/googlephotos/comments/1fn4o4/trying_to_find_photo_by_specific_outfit_color/,2024-12-19T21:10:00+00:00
3ee1d194-f842-46b5-b7eb-90e53728b889,reddit,N/A,12.0,visual_detail,visual_detail,"Color attributes on clothing are one of the strongest visual anchors in human memory. 'I was wearing my black leather jacket', 'she had a yellow sundress'. Google Photos completely ignores clothing color in multi-modal search.",The search system fails to recognize and retrieve photos based on clothing item and color attributes recalled by the user.,"people: self, she | visual_cues: black leather jacket, yellow sundress, clothing color | object_cues: black leather jacket, yellow sundress","exact date, exact location, album, file name","black leather jacket, yellow sundress",https://reddit.com/r/googlephotos/comments/1fn4o4/trying_to_find_photo_by_specific_outfit_color/comment_0,2024-12-19T21:10:00+00:00
01c18099-5efb-4585-983d-2790f2b88e50,reddit,N/A,12.0,visual_detail,visual_detail; contextual_episodic,"Whenever I describe a photo to someone, the first thing I say is 'remember what we were wearing?'. Search engines are built around object nouns, not human episodic memory.","The user recalls photos through episodic memory cues such as what people were wearing, but search engines fail to support clothing details and human episodic context over literal object nouns.","people: we | visual_cues: clothing, what we were wearing","exact date, exact location, keywords to search, file name",,https://reddit.com/r/googlephotos/comments/1fn4o4/trying_to_find_photo_by_specific_outfit_color/comment_1,2024-12-19T21:10:00+00:00
d417324f-3228-4be9-b24e-c9d46c3a8e10,reddit,N/A,12.0,document_screenshot,document_screenshot; visual_detail,"Car accident and insurance damage photos: can never find the odometer reading picture

Got into a minor fender bender in 2023. Took 15 photos: the bumper dent, license plate of other car, insurance cards, and my dashboard odometer. When the insurance adjuster asked for the mileage photo last week, I typed 'odometer', 'speedometer', 'dashboard mileage', 'car miles'. Nothing found. Had to spend 30 minutes scrolling through thousands of photos to find that specific day.",User was unable to find an informational photo of their car's dashboard odometer reading using relevant keywords like 'odometer' and 'mileage'.,"temporal_cues: 2023 | visual_cues: bumper dent, license plate of other car, insurance cards, dashboard odometer | event_context: minor fender bender, car accident, insurance damage documentation | object_cues: odometer reading, speedometer, mileage photo, license plate, insurance card","exact date, exact location, album, keywords to search, file name","odometer, speedometer, dashboard mileage, car miles",https://reddit.com/r/googlephotos/comments/1go5p5/car_accident_insurance_photos_cant_find_odometer/,2024-08-03T14:15:00+00:00
2e211ef6-8b4e-41bd-9265-6fbb7c7c793f,reddit,N/A,20.4,document_screenshot,document_screenshot,"Dashboard gauges have high glare and numbers, and Google Photos OCR rarely parses seven-segment LCD or mechanical odometer digits.",OCR fails to detect and extract numeric values from mechanical odometers or seven-segment LCD dashboard displays due to specialized typography and glare.,"visual_cues: high glare, numbers, seven-segment LCD digits, mechanical odometer digits | object_cues: dashboard gauges, odometer, seven-segment LCD, mechanical odometer","exact date, exact location, album, file name",,https://reddit.com/r/googlephotos/comments/1go5p5/car_accident_insurance_photos_cant_find_odometer/comment_0,2024-08-03T14:15:00+00:00
592ba008-4b3b-4b76-94de-0a4c827754a4,support_forum,N/A,12.0,emergent,emergent,"Can't find pics downloaded from iPhone. Saw phots in my PC  in Microsoft photos. Can't find photos

Can't find pics downloaded from iPhone. Saw phots in my PC  in Microsoft photos. Can't find photos","User cannot find photos transferred or downloaded from a specific source device (iPhone/PC), representing a source- or sync-based retrieval failure.",event_context: downloaded from iPhone to PC | object_cues: photos from iPhone,"exact date, exact location, album, keywords to search, file name",,https://support.google.com/photos/thread/467271423/can-t-find-pics-downloaded-from-iphone-saw-phots-in-my-pc-in-microsoft-photos-can-t-find-photos?hl=en,2026-09-21T02:47:59.708696
